{
    "$schema": "https://schema.management.azure.com/schemas/0.1.2-preview/CreateUIDefinition.MultiVm.json#",
    "handler": "Microsoft.Azure.CreateUIDef",
    "version": "0.1.2-preview",
    "parameters": {
        "basics": [],
        "steps": [
            {
                "name": "instance",
                "label": "Instance",
                "subLabel": {
                    "preValidation": "Configure the virtual machine's resources and settings",
                    "postValidation": "Done"
                },
                "bladeTitle": "Instance",
                "elements": [
                    {
                        "name": "textBlock0",
                        "type": "Microsoft.Common.TextBlock",
                        "options": {
                            "text": "Instance details"
                        }
                    },
                    {
                        "name": "vmName",
                        "type": "Microsoft.Common.TextBox",
                        "label": "Virtual machine name",
                        "toolTip": "Virtual machines in Azure have two distinct names: virtual machine name used as the Azure resource identifier, and in guest host name. When you create a VM in the portal, the same name is used for both the virtual machine name and the host name. The virtual machine name cannot be changed after the VM is created. You can change the host name when you log into the virtual machine.",
                        "constraints": {
                            "required": true,
                            "regex": "^[a-z0-9A-Z-]{3,15}$",
                            "validationMessage": "Virtual machine name must be between 3 and 15 characters long and contain letters, numbers and hyphens only."
                        }
                    },
                    {
                        "name": "availabilityOptions",
                        "type": "Microsoft.Common.DropDown",
                        "label": "Availability options",
                        "toolTip": "Azure offers a range of options for managing availability and resiliency for your applications. Architect your solution to use replicated VMs in Availability Sets to protect your apps and data from datacenter outages and maintenance events.",
                        "defaultValue": "No infrastructure redundancy required",
                        "constraints": {
                            "allowedValues": [
                                {
                                    "value": "default",
                                    "label": "No infrastructure redundancy required"
                                },
                                {
                                    "value": "availabilitySet",
                                    "label": "Availability set"
                                }
                            ],
                            "required": true
                        },
                        "visible": true
                    },
                    {
                        "name": "availabilitySetName",
                        "type": "Microsoft.Common.TextBox",
                        "label": "Availability set name",
                        "toolTip": "Name of the Availability set.",
                        "constraints": {
                            "required": "[equals(steps('instance').availabilityOptions, 'availabilitySet')]",
                            "regex": "^[a-z0-9A-Z-]{3,15}$",
                            "validationMessage": "Availability set name must be between 3 and 15 characters long and contain letters, numbers and hyphens only."
                        },
                        "visible": "[equals(steps('instance').availabilityOptions, 'availabilitySet')]"
                    },
                    {
                        "name": "instanceCount",
                        "type": "Microsoft.Common.Slider",
                        "min": 1,
                        "max": 5,
                        "label": "Instance count",
                        "defaultValue": 2,
                        "showStepMarkers": false,
                        "toolTip": "Number of virtual machines in the availability set.",
                        "constraints": {
                            "required": false
                        },
                        "visible": "[equals(steps('instance').availabilityOptions, 'availabilitySet')]"
                    },
                    {
                        "name": "faultDomains",
                        "type": "Microsoft.Common.Slider",
                        "min": 1,
                        "max": 3,
                        "label": "Fault domains",
                        "defaultValue": 2,
                        "showStepMarkers": false,
                        "toolTip": "Virtual machines in the same fault domain share a common power source and physical network switch.",
                        "constraints": {
                            "required": false
                        },
                        "visible": "[equals(steps('instance').availabilityOptions, 'availabilitySet')]"
                    },
                    {
                        "name": "updateDomains",
                        "type": "Microsoft.Common.Slider",
                        "min": 1,
                        "max": 5,
                        "label": "Update domains",
                        "defaultValue": 3,
                        "showStepMarkers": true,
                        "toolTip": "Virtual machines in the same update domain will be restarted together during planned maintenance. Azure never restarts more than one update domain at a time.",
                        "constraints": {
                            "required": false
                        },
                        "visible": "[equals(steps('instance').availabilityOptions, 'availabilitySet')]"
                    },
                    {
                        "name": "osVersion",
                        "type": "Microsoft.Common.DropDown",
                        "label": "Linux OS version",
                        "toolTip": "The OS version for the VM Image",
                        "defaultValue": "CentOS 7.7",
                        "constraints": {
                            "allowedValues": [
                                {
                                    "value": "CentOS79",
                                    "label": "CentOS 7.9"
                                },
                                {
                                    "value": "CentOS78",
                                    "label": "CentOS 7.8"
                                },
                                {
                                    "value": "CentOS77",
                                    "label": "CentOS 7.7"
                                },
                                {
                                    "value": "CentOS76",
                                    "label": "CentOS 7.6"
                                },
                                {
                                    "value": "CentOS75",
                                    "label": "CentOS 7.5"
                                },
                                {
                                    "value": "CentOS74",
                                    "label": "CentOS 7.4"
                                },
                                {
                                    "value": "RHEL84",
                                    "label": "Red Hat Enterprise Linux 8.4"
                                },
                                {
                                    "value": "RHEL83",
                                    "label": "Red Hat Enterprise Linux 8.3"
                                },
                                {
                                    "value": "RHEL82",
                                    "label": "Red Hat Enterprise Linux 8.2"
                                },
                                {
                                    "value": "RHEL81",
                                    "label": "Red Hat Enterprise Linux 8.1"
                                },
                                {
                                    "value": "RHEL80",
                                    "label": "Red Hat Enterprise Linux 8.0"
                                },
                                {
                                    "value": "RHEL79",
                                    "label": "Red Hat Enterprise Linux 7.9"
                                },
                                {
                                    "value": "RHEL78",
                                    "label": "Red Hat Enterprise Linux 7.8"
                                },
                                {
                                    "value": "RHEL77",
                                    "label": "Red Hat Enterprise Linux 7.7"
                                },
                                {
                                    "value": "RHEL75",
                                    "label": "Red Hat Enterprise Linux 7.5"
                                },
                                {
                                    "value": "RHEL74",
                                    "label": "Red Hat Enterprise Linux 7.4"
                                },
                                {
                                    "value": "RHEL73",
                                    "label": "Red Hat Enterprise Linux 7.3"
                                },
                                {
                                    "value": "RHEL72",
                                    "label": "Red Hat Enterprise Linux 7.2"
                                },
                                {
                                    "value": "Ubuntu1804",
                                    "label": "Canonical Ubuntu 18.04 LTS"
                                },
                                {
                                    "value": "Ubuntu1804-DataScience",
                                    "label": "Data Science Virtual Machine - Ubuntu 18.04"
                                }
                            ],
                            "required": true
                        },
                        "visible": true
                    },
                    {
                        "name": "infoBox0",
                        "type": "Microsoft.Common.InfoBox",
                        "options": {
                            "icon": "Info",
                            "text": "The Ubuntu Data Science VM contains Ubuntu 18.04 STIG automation only. No additional STIG automation is provided."
                        },
                        "visible": "[equals(steps('instance').osVersion, 'Ubuntu1804-DataScience')]"
                    },
                    {
                        "name": "vmSize",
                        "type": "Microsoft.Compute.SizeSelector",
                        "label": "Size",
                        "toolTip": "Select a VM size to support the workload that you want to run. The size that you choose then determines factors such as processing power, memory, and storage capacity. Azure offers a wide variety of sizes to support many types of uses. Azure charges an hourly price based on the VM's size and operating system.",
                        "recommendedSizes": [
                            "Standard_DS2_v2",
                            "Standard_D2s_v3"
                        ],
                        "osPlatform": "Linux",
                        "count": "1"
                    },
                    {
                        "name": "textBlock1",
                        "type": "Microsoft.Common.TextBlock",
                        "options": {
                            "text": "Administrator account"
                        }
                    },
                    {
                        "name": "adminUsername",
                        "type": "Microsoft.Compute.UserNameTextBox",
                        "label": "Username",
                        "defaultValue": "",
                        "toolTip": "Admin username for the virtual machine.",
                        "constraints": {
                            "required": true,
                            "regex": "^[a-z0-9A-Z]{1,30}$",
                            "validationMessage": "Only alphanumeric characters are allowed, and the value must be 1-30 characters long."
                        },
                        "osPlatform": "Linux",
                        "visible": true
                    },
                    {
                        "name": "adminCredentials",
                        "type": "Microsoft.Compute.CredentialsCombo",
                        "label": {
                            "authenticationType": "Authentication type",
                            "password": "Password",
                            "confirmPassword": "Confirm password",
                            "sshPublicKey": "SSH public key"
                        },
                        "toolTip": {
                            "authenticationType": "Authentication type (password or ssh public key) to connect to the virtual machine",
                            "password": "Admin password for the virtual machine",
                            "sshPublicKey": "Admin ssh public key for the virtual machine"
                        },
                        "constraints": {
                            "required": true,
                            "customPasswordRegex": "^(?=.*[A-Z])(?=.*[.!@#$%^&*()-_=+])(?=.*[0-9])(?=.*[a-z]).{12,40}$",
                            "customValidationMessage": "Password must be at least 12 characters long, and contain upper case, lower case, number and symbol"
                        },
                        "options": {
                            "hideConfirmation": false,
                            "hidePassword": false
                        },
                        "osPlatform": "Linux",
                        "visible": true
                    }
                ]
            },
            {
                "name": "disk",
                "label": "Disk",
                "subLabel": {
                    "preValidation": "Configure the virtual machine's resources and settings",
                    "postValidation": "Done"
                },
                "bladeTitle": "Disk",
                "elements": [
                    {
                        "name": "textBlock0",
                        "type": "Microsoft.Common.TextBlock",
                        "options": {
                            "text": "Disk options"
                        }
                    },
                    {
                        "name": "osDiskStorageType",
                        "type": "Microsoft.Common.DropDown",
                        "label": "OS disk type",
                        "toolTip": "You can choose between Azure managed disks types to support your workload or scenario.",
                        "defaultValue": "Premium SSD",
                        "constraints": {
                            "allowedValues": [
                                {
                                    "value": "Premium_LRS",
                                    "label": "Premium SSD"
                                },
                                {
                                    "value": "Standard_LRS",
                                    "label": "Standard HDD"
                                },
                                {
                                    "value": "StandardSSD_LRS",
                                    "label": "Standard SSD"
                                }
                            ],
                            "required": true
                        },
                        "visible": true
                    },
                    {
                        "name": "osDiskEncryptionType",
                        "type": "Microsoft.Common.DropDown",
                        "label": "Encryption type",
                        "toolTip": "Select the encryption type for OS disk.",
                        "defaultValue": "(Default) Encryption at-rest with a platform-managed key",
                        "constraints": {
                            "allowedValues": [
                                {
                                    "value": "default",
                                    "label": "(Default) Encryption at-rest with a platform-managed key"
                                },
                                {
                                    "value": "EncryptionAtRestWithCustomerKey",
                                    "label": "Encryption at-rest with a customer-managed key"
                                },
                                {
                                    "value": "EncryptionAtRestWithPlatformAndCustomerKeys",
                                    "label": "Double encryption with platform-managed and customer-managed keys"
                                }
                            ],
                            "required": true
                        },
                        "visible": true
                    },
                    {
                        "name": "osDiskEncryptionSet",
                        "type": "Microsoft.Solutions.ResourceSelector",
                        "label": "Disk encryption set",
                        "resourceType": "Microsoft.Compute/diskEncryptionSets",
                        "toolTip": "A disk encryption set stores the customer key that a disk or snapshot will use for encrypting its data. You must choose an existing disk encryption set during this step. Disk encryption sets require access to key vault and keys.",
                        "options": {
                            "filter": {
                                "subscription": "onBasic",
                                "location": "onBasic"
                            }
                        },
                        "constraints": {
                            "required": true
                        },
                        "visible": "[not(equals(steps('disk').osDiskEncryptionType, 'default'))]"
                    }
                ]
            },
            {
                "name": "networking",
                "label": "Networking",
                "subLabel": {
                    "preValidation": "Define network connectivity for your virtual machine by configuring network interface card (NIC) settings. You can control ports, inbound and outbound connectivity with security group rules, or place behind an existing load balancing solution.",
                    "postValidation": "Done"
                },
                "bladeTitle": "Network interface",
                "elements": [
                    {
                        "name": "textBlock0",
                        "type": "Microsoft.Common.TextBlock",
                        "options": {
                            "text": "Network interface"
                        }
                    },
                    {
                        "name": "vmVirtualNetwork",
                        "type": "Microsoft.Network.VirtualNetworkCombo",
                        "label": {
                            "virtualNetwork": "Virtual network",
                            "subnets": "Subnets"
                        },
                        "toolTip": {
                            "virtualNetwork": "Virtual networks are logically isolated from each other in Azure. You can configure their IP address ranges, subnets, route tables, gateways, and security settings, much like a traditional network in your data center. Virtual machines in the same virtual network can access each other by default.",
                            "subnets": "A subnet is a range of IP addresses in your virtual network, which can be used to isolate virtual machines from each other or from the Internet."
                        },
                        "defaultValue": {
                            "name": "[concat(resourceGroup().name, '-vnet')]",
                            "addressPrefixSize": "/16"
                        },
                        "constraints": {
                            "minAddressPrefixSize": "/29"
                        },
                        "options": {
                            "hideExisting": false
                        },
                        "subnets": {
                            "subnet1": {
                                "label": "Subnet",
                                "defaultValue": {
                                    "name": "default",
                                    "addressPrefixSize": "/24"
                                },
                                "constraints": {
                                    "minAddressPrefixSize": "/29",
                                    "minAddressCount": 6,
                                    "requireContiguousAddresses": false
                                }
                            }
                        },
                        "visible": true
                    },
                    {
                        "name": "vmApplicationSecurityGroup",
                        "type": "Microsoft.Solutions.ResourceSelector",
                        "label": "Application security group",
                        "resourceType": "Microsoft.Network/applicationSecurityGroups",
                        "toolTip": "Application security groups enable you to configure network security as a natural extension of an application's structure, allowing you to group virtual machines and define network security policies based on those groups.",
                        "constraints": {
                            "required": false
                        },
                        "visible": true
                    }
                ]
            },
            {
                "name": "management",
                "label": "Management",
                "subLabel": {
                    "preValidation": "Configure monitoring and management options for your VM.",
                    "postValidation": "Done"
                },
                "bladeTitle": "Management",
                "elements": [
                    {
                        "name": "textBlock0",
                        "type": "Microsoft.Common.TextBlock",
                        "options": {
                            "text": "Diagnostic settings"
                        }
                    },
                    {
                        "name": "diagnosticStorageAccount",
                        "type": "Microsoft.Solutions.ResourceSelector",
                        "label": "Storage account",
                        "resourceType": "Microsoft.Storage/storageAccounts",
                        "toolTip": "Storage Account for Diagnostic Settings.",
                        "options": {
                            "filter": {
                                "subscription": "onBasic",
                                "location": "onBasic"
                            }
                        }
                    },
                    {
                        "name": "logAnalyticsWorkspace",
                        "type": "Microsoft.Solutions.ResourceSelector",
                        "label": "Log Analytics workspace",
                        "resourceType": "Microsoft.OperationalInsights/workspaces",
                        "toolTip": "Log Analytics workspace for Diagnostic Settings.",
                        "options": {
                            "filter": {
                                "subscription": "onBasic",
                                "location": "onBasic"
                            }
                        }
                    },
                    {
                        "name": "textBlock1",
                        "type": "Microsoft.Common.TextBlock",
                        "options": {
                            "text": "Custom data and cloud init"
                        },
                        "visible": "[or(equals(steps('instance').osVersion, 'RHEL77'), equals(steps('instance').osVersion, 'RHEL78'), equals(steps('instance').osVersion, 'Ubuntu1804'), equals(steps('instance').osVersion, 'Ubuntu1804-DataScience'), equals(steps('instance').osVersion, 'CentOS77'), equals(steps('instance').osVersion, 'CentOS78'), equals(steps('instance').osVersion, 'CentOS79'))]"
                    },
                    {
                        "name": "textBlock2",
                        "type": "Microsoft.Common.TextBlock",
                        "options": {
                            "text": "Pass a cloud-init script, configuration file, or other data into the virtual machine while it is being provisioned. The data will be saved on the VM in a known location."
                        },
                        "visible": "[or(equals(steps('instance').osVersion, 'RHEL77'), equals(steps('instance').osVersion, 'RHEL78'), equals(steps('instance').osVersion, 'Ubuntu1804'), equals(steps('instance').osVersion, 'Ubuntu1804-DataScience'), equals(steps('instance').osVersion, 'CentOS77'), equals(steps('instance').osVersion, 'CentOS78'), equals(steps('instance').osVersion, 'CentOS79'))]"
                    },
                    {
                        "name": "customData",
                        "type": "Microsoft.Common.TextBox",
                        "label": "Custom data",
                        "toolTip": "Custom data.",
                        "multiLine": true,
                        "constraints": {
                            "required": false,
                            "validations": [
                                {
                                    "regex": ".*",
                                    "message": "Allows any charaters, numbers of symbols."
                                }
                            ]
                        },
                        "visible": "[or(equals(steps('instance').osVersion, 'RHEL77'), equals(steps('instance').osVersion, 'RHEL78'), equals(steps('instance').osVersion, 'Ubuntu1804'), equals(steps('instance').osVersion, 'Ubuntu1804-DataScience'), equals(steps('instance').osVersion, 'CentOS77'), equals(steps('instance').osVersion, 'CentOS78'), equals(steps('instance').osVersion, 'CentOS79'))]"
                    },
                    {
                        "name": "infoBox0",
                        "type": "Microsoft.Common.InfoBox",
                        "options": {
                            "icon": "Info",
                            "text": "Your image must have code to support consumption of custom data. If your image supports cloud-init, custom-data will be processed by cloud-init.",
                            "uri": "http://go.microsoft.com/fwlink/?LinkId=2125807"
                        },
                        "visible": "[or(equals(steps('instance').osVersion, 'RHEL77'), equals(steps('instance').osVersion, 'RHEL78'), equals(steps('instance').osVersion, 'Ubuntu1804'), equals(steps('instance').osVersion, 'Ubuntu1804-DataScience'), equals(steps('instance').osVersion, 'CentOS77'), equals(steps('instance').osVersion, 'CentOS78'), equals(steps('instance').osVersion, 'CentOS79'))]"
                    }
                ]
            }
        ],
        "outputs": {
            "location": "[location()]",
            "vmName": "[steps('instance').vmName]",
            "availabilityOptions": "[steps('instance').availabilityOptions]",
            "availabilitySetName": "[steps('instance').availabilitySetName]",
            "instanceCount": "[steps('instance').instanceCount]",
            "faultDomains": "[steps('instance').faultDomains]",
            "updateDomains": "[steps('instance').updateDomains]",
            "osVersion": "[steps('instance').osVersion]",
            "vmSize": "[steps('instance').vmSize]",
            "adminUsername": "[steps('instance').adminUsername]",
            "authenticationType": "[steps('instance').adminCredentials.authenticationType]",
            "adminPasswordOrKey": "[if(equals(steps('instance').adminCredentials.authenticationType, 'password'), steps('instance').adminCredentials.password, steps('instance').adminCredentials.sshPublicKey)]",
            "osDiskStorageType": "[steps('disk').osDiskStorageType]",
            "osDiskEncryptionSetResourceId": "[steps('disk').osDiskEncryptionSet.id]",
            "customData": "[if(not(empty(steps('management').customData)), steps('management').customData, '')]",
            "vmVirtualNetwork": "[steps('networking').vmVirtualNetwork.name]",
            "virtualNetworkNewOrExisting": "[steps('networking').vmVirtualNetwork.newOrExisting]",
            "virtualNetworkResourceGroupName": "[steps('networking').vmVirtualNetwork.resourceGroup]",
            "addressPrefix": "[steps('networking').vmVirtualNetwork.addressPrefix]",
            "subnetPrefix": "[steps('networking').vmVirtualNetwork.subnets.subnet1.addressPrefix]",
            "subnetName": "[steps('networking').vmVirtualNetwork.subnets.subnet1.name]",
            "applicationSecurityGroupResourceId": "[steps('networking').vmApplicationSecurityGroup.id]",
            "diagnosticStorageResourceId": "[steps('management').diagnosticStorageAccount.id]",
            "logAnalyticsWorkspaceId": "[steps('management').logAnalyticsWorkspace.id]"
        }
    }
}
